{
  "project_info": {
    "project_number": "1008925117817",
    "firebase_url": "https://sleeeeeeeeepytiiiiiiime.firebaseio.com",
    "project_id": "sleeeeeeeeepytiiiiiiime",
    "storage_bucket": "sleeeeeeeeepytiiiiiiime.appspot.com"
  },
  "client": [
    {
      "client_info": {
        "mobilesdk_app_id": "1:1008925117817:android:b562ab9547802b90bd33a8",
        "android_client_info": {
          "package_name": "com.example.sleeeeeeeeepytiiiiiiime"
        }
      },
      "oauth_client": [
        {
          "client_id": "1008925117817-44ccobbco532pi60n1r6h05fjoim9ubo.apps.googleusercontent.com",
          "client_type": 1,
          "android_info": {
            "package_name": "com.example.sleeeeeeeeepytiiiiiiime",
            "certificate_hash": "b90f272c24c92a696e6444496206b16b0e9eeaab"
          }
        },
        {
          "client_id": "1008925117817-1cscd50otvgvckn4h4rgbrpvr90ca086.apps.googleusercontent.com",
          "client_type": 3
        }
      ],
      "api_key": [
        {
          "current_key": "AIzaSyAuSU5Vc47rkSAcYab93GAj3AbSyUM8wW0"
        }
      ],
      "services": {
        "appinvite_service": {
          "other_platform_oauth_client": [
            {
              "client_id": "1008925117817-1cscd50otvgvckn4h4rgbrpvr90ca086.apps.googleusercontent.com",
              "client_type": 3
            }
          ]
        }
      }
    }
  ],
  "configuration_version": "1"
}